SQL> select count(*)
  2  from emp
  3  where job!='PRESIDENT'
  4  group by deptno;

  COUNT(*)
----------
         6
         5
         2

SQL> select sum(sal)
  2  from emp
  3  group by job;

  SUM(SAL)
----------
      4150
      5600
      5000
      8275
      6000

SQL> select count(*)
  2  from emp
  3  where job='MANAGER'
  4  group by deptno;

  COUNT(*)
----------
         1
         1
         1

SQL> select avg(sal)
  2  from emp
  3  where deptno!=20
  4  group by deptno;

  AVG(SAL)
----------
1566.66667
2916.66667

SQL> select count(*)
  2  from emp
  3  where ename like '%A%'
  4  group by job;

  COUNT(*)
----------
         3
         2
         2

SQL> select sum(sal),job
  2  from emp
  3  group by job;

  SUM(SAL) JOB
---------- ---------
      4150 CLERK
      5600 SALESMAN
      5000 PRESIDENT
      8275 MANAGER
      6000 ANALYST

SQL> select count(*)
  2  ,job from emp
  3  where ename like '%A%'
  4  group by job;

  COUNT(*) JOB
---------- ---------
         3 SALESMAN
         2 CLERK
         2 MANAGER

SQL> ed
Wrote file afiedt.buf

  1  select count(*)
  2  ,job,ename from emp
  3  where ename like '%A%'
  4* group by job
SQL> /
,job,ename from emp
     *
ERROR at line 2:
ORA-00979: not a GROUP BY expression


SQL> select count(*),job
  2  from emp
  3  where job like '%A%'
  4  group by job;

  COUNT(*) JOB
---------- ---------
         4 SALESMAN
         3 MANAGER
         2 ANALYST

SQL> select count(ename),job
  2  from emp
  3  where ename like '%A%'
  4  group by job;

COUNT(ENAME) JOB
------------ ---------
           3 SALESMAN
           2 CLERK
           2 MANAGER

SQL> select count(*),avg(sal)
  2  from emp
  3  where sal>2000
  4  group by deptno;

  COUNT(*)   AVG(SAL)
---------- ----------
         1       2850
         3 2991.66667
         2       3725

SQL> ed
Wrote file afiedt.buf

  1  select count(*),avg(sal),deptno
  2  from emp
  3  where sal>2000
  4* group by deptno
SQL> /

  COUNT(*)   AVG(SAL)     DEPTNO
---------- ---------- ----------
         1       2850         30
         3 2991.66667         20
         2       3725         10

SQL> select sum(sal),count(*)
  2  from emp
  3  where job='SALESMAN'
  4  group by deptno;

  SUM(SAL)   COUNT(*)
---------- ----------
      5600          4

SQL> select count(*),max(sal)
  2  from emp
  3  group by job;

  COUNT(*)   MAX(SAL)
---------- ----------
         4       1300
         4       1600
         1       5000
         3       2975
         2       3000

SQL> select max(sal)
  2  from emp
  3  group by deptno;

  MAX(SAL)
----------
      2850
      3000
      5000


SQL> select *
  2  from emp;

     EMPNO ENAME      JOB              MGR HIREDATE         SAL       COMM     DEPTNO
---------- ---------- --------- ---------- --------- ---------- ---------- ----------
      7369 SMITH      CLERK           7902 17-DEC-80        800                    20
      7499 ALLEN      SALESMAN        7698 20-FEB-81       1600        300         30
      7521 WARD       SALESMAN        7698 22-FEB-81       1250        500         30
      7566 JONES      MANAGER         7839 02-APR-81       2975                    20
      7654 MARTIN     SALESMAN        7698 28-SEP-81       1250       1400         30
      7698 BLAKE      MANAGER         7839 01-MAY-81       2850                    30
      7782 CLARK      MANAGER         7839 09-JUN-81       2450                    10
      7788 SCOTT      ANALYST         7566 19-APR-87       3000                    20
      7839 KING       PRESIDENT            17-NOV-81       5000                    10
      7844 TURNER     SALESMAN        7698 08-SEP-81       1500          0         30
      7876 ADAMS      CLERK           7788 23-MAY-87       1100                    20
      7900 JAMES      CLERK           7698 03-DEC-81        950                    30
      7902 FORD       ANALYST         7566 03-DEC-81       3000                    20
      7934 MILLER     CLERK           7782 23-JAN-82       1300                    10

14 rows selected.

SQL> 
SQL> select sal,count(8)
  2  from emp
  3  group by sal;

       SAL   COUNT(8)
---------- ----------
      2450          1
      5000          1
      1300          1
      1250          2
      2850          1
      2975          1
      1100          1
      3000          2
       800          1
      1600          1
      1500          1
       950          1

12 rows selected.

SQL> select sal,count(*)
  2  from emp
  3  group by sal;

       SAL   COUNT(*)
---------- ----------
      2450          1
      5000          1
      1300          1
      1250          2
      2850          1
      2975          1
      1100          1
      3000          2
       800          1
      1600          1
      1500          1
       950          1

12 rows selected.

SQL> select max(sal)
  2  from emp
  3  where job='MANAGER'
  4  group by deptno;

  MAX(SAL)
----------
      2850
      2975
      2450


