SQL> select ename
  2  from emp
  3  where ename like 'P%';

no rows selected


  1  select *
  2  from emp
  3* where job in('ANALYST','CLERK')
SQL> /

     EMPNO ENAME      JOB              MGR HIREDATE         SAL       COMM     DEPTNO                                                                                                                                                                                                                       
---------- ---------- --------- ---------- --------- ---------- ---------- ----------                                                                                                                                                                                                                       
      7369 SMITH      CLERK           7902 17-DEC-80        800                    20                                                                                                                                                                                                                       
      7788 SCOTT      ANALYST         7566 19-APR-87       3000                    20                                                                                                                                                                                                                       
      7876 ADAMS      CLERK           7788 23-MAY-87       1100                    20                                                                                                                                                                                                                       
      7900 JAMES      CLERK           7698 03-DEC-81        950                    30                                                                                                                                                                                                                       
      7902 FORD       ANALYST         7566 03-DEC-81       3000                    20                                                                                                                                                                                                                       
      7934 MILLER     CLERK           7782 23-JAN-82       1300                    10                                                                                                                                                                                                                       

6 rows selected.


  1  SELECT DNAME
  2  FROM DEPT
  3* WHERE LOC LIKE '% %'  AND DNAME LIKE '%E%E%'
SQL> /

no rows selected



  1  SELECT *
  2  FROM EMP
  3* WHERE JOB LIKE '%A%A%' AND SAL BETWEEN 1200 AND 2800 AND DEPTNO IN(10,20,30)
SQL> /

     EMPNO ENAME      JOB              MGR HIREDATE         SAL       COMM     DEPTNO                                                                                                                                                                                                                       
---------- ---------- --------- ---------- --------- ---------- ---------- ----------                                                                                                                                                                                                                       
      7499 ALLEN      SALESMAN        7698 20-FEB-81       1600        300         30                                                                                                                                                                                                                       
      7521 WARD       SALESMAN        7698 22-FEB-81       1250        500         30                                                                                                                                                                                                                       
      7654 MARTIN     SALESMAN        7698 28-SEP-81       1250       1400         30                                                                                                                                                                                                                       
      7782 CLARK      MANAGER         7839 09-JUN-81       2450                    10                                                                                                                                                                                                                       
      7844 TURNER     SALESMAN        7698 08-SEP-81       1500          0         30                                                                                                                                                                                                                       

  
  
1  SELECT *
  2  FROM EMP
  3* WHERE DEPTNO=30 AND MGR NOT LIKE '%8' AND JOB NOT IN('MANAGER','SALESMAN')
SQL> /

no rows selected
  




 

SQL> ED
Wrote file afiedt.buf

  1   SELECT *
  2   FROM EMP
  3*  WHERE LENGTH(ENAME)>=5 AND (HIREDATE LIKE '__-___-80' OR HIREDATE LIKE '__-___-81') AND MGR IS NOT NULL AND SAL BETWEEN 800 AND 2000 AND DEPTNO IN(30,40)
  4  /

     EMPNO ENAME      JOB              MGR HIREDATE         SAL       COMM     DEPTNO                                                                                                                                                                                                                       
---------- ---------- --------- ---------- --------- ---------- ---------- ----------                                                                                                                                                                                                                       
      7499 ALLEN      SALESMAN        7698 20-FEB-81       1600        300         30                                                                                                                                                                                                                       
      7654 MARTIN     SALESMAN        7698 28-SEP-81       1250       1400         30                                                                                                                                                                                                                       
      7844 TURNER     SALESMAN        7698 08-SEP-81       1500          0         30                                                                                                                                                                                                                       
      7900 JAMES      CLERK           7698 03-DEC-81        950                    30                                                                                                                                                                                                                       

SQL> 
SQL> SELECT ENAME
  2  FROM EMP
  3  WHERE LENGTH(ENAME)=5 AND SUBSTR(ENAME,3,1) IN('A','E','I','O','U');

ENAME                                                                                                                                                                                                                                                                                                       
----------                                                                                                                                                                                                                                                                                                  
SMITH                                                                                                                                                                                                                                                                                                       
BLAKE                                                                                                                                                                                                                                                                                                       
CLARK                                                                                                                                                                                                                                                                                                       
SCOTT                                                                                                                                                                                                                                                                                                       
ADAMS                                                                                                                                                                                                                                                                                                       


  1  select ename
  2  from emp
  3* where ename like '%A%' AND ename not like '%A%A%'
SQL> /

ENAME                                                                                                                                                                                                                                                                                                       
----------                                                                                                                                                                                                                                                                                                  
ALLEN                                                                                                                                                                                                                                                                                                       
WARD                                                                                                                                                                                                                                                                                                        
MARTIN                                                                                                                                                                                                                                                                                                      
BLAKE                                                                                                                                                                                                                                                                                                       
CLARK                                                                                                                                                                                                                                                                                                       
JAMES                                                                                                                                                                                                                                                                                                       

6 rows selected.


  1  select *
  2  from emp
  3* where ename like '%__A__%' OR ename like '%__E__%' OR ename like '%__I__%' OR ename like '%__O__%' OR ename like '%__U__%'
SQL> /

     EMPNO ENAME      JOB              MGR HIREDATE         SAL       COMM     DEPTNO                                                                                                                                                                                                                       
---------- ---------- --------- ---------- --------- ---------- ---------- ----------                                                                                                                                                                                                                       
      7369 SMITH      CLERK           7902 17-DEC-80        800                    20                                                                                                                                                                                                                       
      7698 BLAKE      MANAGER         7839 01-MAY-81       2850                    30                                                                                                                                                                                                                       
      7782 CLARK      MANAGER         7839 09-JUN-81       2450                    10                                                                                                                                                                                                                       
      7788 SCOTT      ANALYST         7566 19-APR-87       3000                    20                                                                                                                                                                                                                       
      7876 ADAMS      CLERK           7788 23-MAY-87       1100                    20                                                                                                                                                                                                                    

SQL> SELECT *
  2  FROM EMP
  3  WHERE COMM IS NULL AND JOB NOT IN('CLERK','MANAGER') AND SAL>1500 AND HIREDATE LIKE '__-___-81';

     EMPNO ENAME      JOB              MGR HIREDATE         SAL       COMM     DEPTNO                                                                                                                                                                                                                       
---------- ---------- --------- ---------- --------- ---------- ---------- ----------                                                                                                                                                                                                                       
      7839 KING       PRESIDENT            17-NOV-81       5000                    10                                                                                                                                                                                                                       
      7902 FORD       ANALYST         7566 03-DEC-81       3000                    20                                                                                                                                                                                                                       

SQL> SELECT *
  2  FROM EMP
  3  WHERE ENAME LIKE 'S%' AND (ENAME NOT LIKE '%A' OR ENAME NOT LIKE '%E' OR ENAME NOT LIKE '%I' OR ENAME NOT LIKE '%O' OR ENAME NOT LIKE '%U');

     EMPNO ENAME      JOB              MGR HIREDATE         SAL       COMM     DEPTNO                                                                                                                                                                                                                       
---------- ---------- --------- ---------- --------- ---------- ---------- ----------                                                                                                                                                                                                                       
      7369 SMITH      CLERK           7902 17-DEC-80        800                    20                                                                                                                                                                                                                       
      7788 SCOTT      ANALYST         7566 19-APR-87       3000                    20                                                                                                                                                                                                                       

SQL> SELECT MGR
  2  FROM EMP
  3  GROUP BY MGR
  4  HAVING COUNT(EMPNO)=1;

       MGR                                                                                                                                                                                                                                                                                                  
----------                                                                                                                                                                                                                                                                                                  
                                                                                                                                                                                                                                                                                                            
      7782                                                                                                                                                                                                                                                                                                  
      7902                                                                                                                                                                                                                                                                                                  
      7788                                                                                                                                                                                                                                                                                                  

SQL> SPOOL OFF;

                                                                                                                                                                                                                                                                          

