

  1  select ename
  2  from emp
  3  where mgr=(select empno
  4  from emp
  5  where mgr=(select empno
  6  from emp 
  7* where ename='ADAMS'))
SQL> /

no rows selected

SQL> select ename
  2  from emp
  3  where empno=(select mgr
  4  from emp
  5  where ename='SMITH');

ENAME                                                                                                                                                                                                   
----------                                                                                                                                                                                              
FORD                                                                                                                                                                                                    

SQL> ed
Wrote file afiedt.buf

  1  select ename
  2  from emp
  3  where empno=(select mgr
  4  from emp
  5  where empno=(select mgr
  6  from emp
  7* where ename='SMITH'))
SQL> /

ENAME                                                                                                                                                                                                   
----------                                                                                                                                                                                              
JONES                                                                                                                                                                                                   
 

SQL> ed
Wrote file afiedt.buf

  1  select dname
  2  from dept
  3  where deptno=(select deptno
  4  from emp
  5  where empno=(select mgr
  6  from emp
  7* where ename='JONES'))
SQL> /

DNAME                                                                                                                                                                                                   
--------------                                                                                                                                                                                          
ACCOUNTING                                                                                                                                                                                              

  1  select sal
  2  from emp
  3  where empno=(select mgr
  4  from emp
  5* where ename='MILLER')
SQL> /

       SAL                                                                                                                                                                                              
----------                                                                                                                                                                                              
      2450                                                                                                                                                                                              

SQL> ed
Wrote file afiedt.buf

  1  select loc
  2  from dept
  3  where deptno=(select deptno
  4  from emp
  5  where empno=(select mgr
  6  from emp
  7  where empno=(select mgr
  8  from emp
  9* where ename='SMITH')))
SQL> /

LOC                                                                                                                                                                                                     
-------------                                                                                                                                                                                           
DALLAS                                                                                                                                                                                                  

SQL> select ename
  2  from emp
  3  where mgr=(select empno
  4  from emp
  5  where ename='BLAKE');

ENAME                                                                                                                                                                                                   
----------                                                                                                                                                                                              
ALLEN                                                                                                                                                                                                   
WARD                                                                                                                                                                                                    
MARTIN                                                                                                                                                                                                  
TURNER                                                                                                                                                                                                  
JAMES                                                                                                                                                                                                   

SQL> ed
Wrote file afiedt.buf

  1  select count(ename)
  2  from emp
  3  where mgr=(select empno
  4  from emp
  5* where ename='KING')
SQL> /

COUNT(ENAME)                                                                                                                                                                                            
------------                                                                                                                                                                                            
           3                                                                                                                                                                                            

SQL> ed
Wrote file afiedt.buf

  1  select *
  2  from emp
  3  where mgr=(select empno
  4  from emp
  5* where ename='JONES')
SQL> /

     EMPNO ENAME      JOB              MGR HIREDATE         SAL       COMM     DEPTNO                                                                                                                   
---------- ---------- --------- ---------- --------- ---------- ---------- ----------                                                                                                                   
      7788 SCOTT      ANALYST         7566 19-APR-87       3000                    20                                                                                                                   
      7902 FORD       ANALYST         7566 03-DEC-81       3000                    20                                                                                                                   


SQL> ed
Wrote file afiedt.buf

  1  select ename
  2  from emp
  3  where empno=(select mgr
  4  from emp
  5* where ename='BLAKE')
SQL> /

ENAME                                                                                                                                                                                                   
----------                                                                                                                                                                                              
KING                                                                                                                                                                                                    

SQL> select ename
  2  from emp
  3  where empno=(select mgr
  4  from emp
  5  where ename='BLAKE');

ENAME                                                                                                                                                                                                   
----------                                                                                                                                                                                              
KING                                                                                                                                                                                                    

SQL> ed
Wrote file afiedt.buf

  1  select ename
  2  from emp
  3  where mgr=(select empno
  4  from emp
  5  where empno=(select mgr
  6  from emp
  7* where ename='BLAKE'))
SQL> /

ENAME                                                                                                                                                                                                   
----------                                                                                                                                                                                              
JONES                                                                                                                                                                                                   
BLAKE                                                                                                                                                                                                   
CLARK                                                                                                                                                                                                   

SQL> ed
Wrote file afiedt.buf

  1  select ename
  2  from emp
  3  where mgr=(select empno
  4  from emp
  5  where empno=(select mgr
  6  from emp
  7* where ename='BLAKE'))
SQL> select *
  2  from emp,dept;

     EMPNO ENAME      JOB              MGR HIREDATE         SAL       COMM     DEPTNO     DEPTNO DNAME          LOC                                                                                     
---------- ---------- --------- ---------- --------- ---------- ---------- ---------- ---------- -------------- -------------                                                                           
      7369 SMITH      CLERK           7902 17-DEC-80        800                    20         10 ACCOUNTING     NEW YORK                                                                                
      7499 ALLEN      SALESMAN        7698 20-FEB-81       1600        300         30         10 ACCOUNTING     NEW YORK                                                                                
      7521 WARD       SALESMAN        7698 22-FEB-81       1250        500         30         10 ACCOUNTING     NEW YORK                                                                                
      7566 JONES      MANAGER         7839 02-APR-81       2975                    20         10 ACCOUNTING     NEW YORK                                                                                
      7654 MARTIN     SALESMAN        7698 28-SEP-81       1250       1400         30         10 ACCOUNTING     NEW YORK                                                                                
      7698 BLAKE      MANAGER         7839 01-MAY-81       2850                    30         10 ACCOUNTING     NEW YORK                                                                                
      7782 CLARK      MANAGER         7839 09-JUN-81       2450                    10         10 ACCOUNTING     NEW YORK                                                                                
      7788 SCOTT      ANALYST         7566 19-APR-87       3000                    20         10 ACCOUNTING     NEW YORK                                                                                
      7839 KING       PRESIDENT            17-NOV-81       5000                    10         10 ACCOUNTING     NEW YORK                                                                                
      7844 TURNER     SALESMAN        7698 08-SEP-81       1500          0         30         10 ACCOUNTING     NEW YORK                                                                                
      7876 ADAMS      CLERK           7788 23-MAY-87       1100                    20         10 ACCOUNTING     NEW YORK                                                                                
      7900 JAMES      CLERK           7698 03-DEC-81        950                    30         10 ACCOUNTING     NEW YORK                                                                                
      7902 FORD       ANALYST         7566 03-DEC-81       3000                    20         10 ACCOUNTING     NEW YORK                                                                                
      7934 MILLER     CLERK           7782 23-JAN-82       1300                    10         10 ACCOUNTING     NEW YORK                                                                                
      7369 SMITH      CLERK           7902 17-DEC-80        800                    20         20 RESEARCH       DALLAS                                                                                  
      7499 ALLEN      SALESMAN        7698 20-FEB-81       1600        300         30         20 RESEARCH       DALLAS                                                                                  
      7521 WARD       SALESMAN        7698 22-FEB-81       1250        500         30         20 RESEARCH       DALLAS                                                                                  
      7566 JONES      MANAGER         7839 02-APR-81       2975                    20         20 RESEARCH       DALLAS                                                                                  
      7654 MARTIN     SALESMAN        7698 28-SEP-81       1250       1400         30         20 RESEARCH       DALLAS                                                                                  
      7698 BLAKE      MANAGER         7839 01-MAY-81       2850                    30         20 RESEARCH       DALLAS                                                                                  
      7782 CLARK      MANAGER         7839 09-JUN-81       2450                    10         20 RESEARCH       DALLAS                                                                                  
      7788 SCOTT      ANALYST         7566 19-APR-87       3000                    20         20 RESEARCH       DALLAS                                                                                  
      7839 KING       PRESIDENT            17-NOV-81       5000                    10         20 RESEARCH       DALLAS                                                                                  
      7844 TURNER     SALESMAN        7698 08-SEP-81       1500          0         30         20 RESEARCH       DALLAS                                                                                  
      7876 ADAMS      CLERK           7788 23-MAY-87       1100                    20         20 RESEARCH       DALLAS                                                                                  
      7900 JAMES      CLERK           7698 03-DEC-81        950                    30         20 RESEARCH       DALLAS                                                                                  
      7902 FORD       ANALYST         7566 03-DEC-81       3000                    20         20 RESEARCH       DALLAS                                                                                  
      7934 MILLER     CLERK           7782 23-JAN-82       1300                    10         20 RESEARCH       DALLAS                                                                                  
      7369 SMITH      CLERK           7902 17-DEC-80        800                    20         30 SALES          CHICAGO                                                                                 
      7499 ALLEN      SALESMAN        7698 20-FEB-81       1600        300         30         30 SALES          CHICAGO                                                                                 
      7521 WARD       SALESMAN        7698 22-FEB-81       1250        500         30         30 SALES          CHICAGO                                                                                 
      7566 JONES      MANAGER         7839 02-APR-81       2975                    20         30 SALES          CHICAGO                                                                                 
      7654 MARTIN     SALESMAN        7698 28-SEP-81       1250       1400         30         30 SALES          CHICAGO                                                                                 
      7698 BLAKE      MANAGER         7839 01-MAY-81       2850                    30         30 SALES          CHICAGO                                                                                 
      7782 CLARK      MANAGER         7839 09-JUN-81       2450                    10         30 SALES          CHICAGO                                                                                 
      7788 SCOTT      ANALYST         7566 19-APR-87       3000                    20         30 SALES          CHICAGO                                                                                 
      7839 KING       PRESIDENT            17-NOV-81       5000                    10         30 SALES          CHICAGO                                                                                 
      7844 TURNER     SALESMAN        7698 08-SEP-81       1500          0         30         30 SALES          CHICAGO                                                                                 
      7876 ADAMS      CLERK           7788 23-MAY-87       1100                    20         30 SALES          CHICAGO                                                                                 
      7900 JAMES      CLERK           7698 03-DEC-81        950                    30         30 SALES          CHICAGO                                                                                 
      7902 FORD       ANALYST         7566 03-DEC-81       3000                    20         30 SALES          CHICAGO                                                                                 
      7934 MILLER     CLERK           7782 23-JAN-82       1300                    10         30 SALES          CHICAGO                                                                                 
      7369 SMITH      CLERK           7902 17-DEC-80        800                    20         40 OPERATIONS     BOSTON                                                                                  
      7499 ALLEN      SALESMAN        7698 20-FEB-81       1600        300         30         40 OPERATIONS     BOSTON                                                                                  
      7521 WARD       SALESMAN        7698 22-FEB-81       1250        500         30         40 OPERATIONS     BOSTON                                                                                  
      7566 JONES      MANAGER         7839 02-APR-81       2975                    20         40 OPERATIONS     BOSTON                                                                                  
      7654 MARTIN     SALESMAN        7698 28-SEP-81       1250       1400         30         40 OPERATIONS     BOSTON                                                                                  
      7698 BLAKE      MANAGER         7839 01-MAY-81       2850                    30         40 OPERATIONS     BOSTON                                                                                  
      7782 CLARK      MANAGER         7839 09-JUN-81       2450                    10         40 OPERATIONS     BOSTON                                                                                  
      7788 SCOTT      ANALYST         7566 19-APR-87       3000                    20         40 OPERATIONS     BOSTON                                                                                  
      7839 KING       PRESIDENT            17-NOV-81       5000                    10         40 OPERATIONS     BOSTON                                                                                  
      7844 TURNER     SALESMAN        7698 08-SEP-81       1500          0         30         40 OPERATIONS     BOSTON                                                                                  
      7876 ADAMS      CLERK           7788 23-MAY-87       1100                    20         40 OPERATIONS     BOSTON                                                                                  
      7900 JAMES      CLERK           7698 03-DEC-81        950                    30         40 OPERATIONS     BOSTON                                                                                  
      7902 FORD       ANALYST         7566 03-DEC-81       3000                    20         40 OPERATIONS     BOSTON                                                                                  
      7934 MILLER     CLERK           7782 23-JAN-82       1300                    10         40 OPERATIONS     BOSTON                                                                                  

56 rows selected.

SQL> set pages 300 lines 300
SQL> select *
  2  from emp,dept;

     EMPNO ENAME      JOB              MGR HIREDATE         SAL       COMM     DEPTNO     DEPTNO DNAME          LOC                                                                                                                                                                                         
---------- ---------- --------- ---------- --------- ---------- ---------- ---------- ---------- -------------- -------------                                                                                                                                                                               
      7369 SMITH      CLERK           7902 17-DEC-80        800                    20         10 ACCOUNTING     NEW YORK                                                                                                                                                                                    
      7499 ALLEN      SALESMAN        7698 20-FEB-81       1600        300         30         10 ACCOUNTING     NEW YORK                                                                                                                                                                                    
      7521 WARD       SALESMAN        7698 22-FEB-81       1250        500         30         10 ACCOUNTING     NEW YORK                                                                                                                                                                                    
      7566 JONES      MANAGER         7839 02-APR-81       2975                    20         10 ACCOUNTING     NEW YORK                                                                                                                                                                                    
      7654 MARTIN     SALESMAN        7698 28-SEP-81       1250       1400         30         10 ACCOUNTING     NEW YORK                                                                                                                                                                                    
      7698 BLAKE      MANAGER         7839 01-MAY-81       2850                    30         10 ACCOUNTING     NEW YORK                                                                                                                                                                                    
      7782 CLARK      MANAGER         7839 09-JUN-81       2450                    10         10 ACCOUNTING     NEW YORK                                                                                                                                                                                    
      7788 SCOTT      ANALYST         7566 19-APR-87       3000                    20         10 ACCOUNTING     NEW YORK                                                                                                                                                                                    
      7839 KING       PRESIDENT            17-NOV-81       5000                    10         10 ACCOUNTING     NEW YORK                                                                                                                                                                                    
      7844 TURNER     SALESMAN        7698 08-SEP-81       1500          0         30         10 ACCOUNTING     NEW YORK                                                                                                                                                                                    
      7876 ADAMS      CLERK           7788 23-MAY-87       1100                    20         10 ACCOUNTING     NEW YORK                                                                                                                                                                                    
      7900 JAMES      CLERK           7698 03-DEC-81        950                    30         10 ACCOUNTING     NEW YORK                                                                                                                                                                                    
      7902 FORD       ANALYST         7566 03-DEC-81       3000                    20         10 ACCOUNTING     NEW YORK                                                                                                                                                                                    
      7934 MILLER     CLERK           7782 23-JAN-82       1300                    10         10 ACCOUNTING     NEW YORK                                                                                                                                                                                    
      7369 SMITH      CLERK           7902 17-DEC-80        800                    20         20 RESEARCH       DALLAS                                                                                                                                                                                      
      7499 ALLEN      SALESMAN        7698 20-FEB-81       1600        300         30         20 RESEARCH       DALLAS                                                                                                                                                                                      
      7521 WARD       SALESMAN        7698 22-FEB-81       1250        500         30         20 RESEARCH       DALLAS                                                                                                                                                                                      
      7566 JONES      MANAGER         7839 02-APR-81       2975                    20         20 RESEARCH       DALLAS                                                                                                                                                                                      
      7654 MARTIN     SALESMAN        7698 28-SEP-81       1250       1400         30         20 RESEARCH       DALLAS                                                                                                                                                                                      
      7698 BLAKE      MANAGER         7839 01-MAY-81       2850                    30         20 RESEARCH       DALLAS                                                                                                                                                                                      
      7782 CLARK      MANAGER         7839 09-JUN-81       2450                    10         20 RESEARCH       DALLAS                                                                                                                                                                                      
      7788 SCOTT      ANALYST         7566 19-APR-87       3000                    20         20 RESEARCH       DALLAS                                                                                                                                                                                      
      7839 KING       PRESIDENT            17-NOV-81       5000                    10         20 RESEARCH       DALLAS                                                                                                                                                                                      
      7844 TURNER     SALESMAN        7698 08-SEP-81       1500          0         30         20 RESEARCH       DALLAS                                                                                                                                                                                      
      7876 ADAMS      CLERK           7788 23-MAY-87       1100                    20         20 RESEARCH       DALLAS                                                                                                                                                                                      
      7900 JAMES      CLERK           7698 03-DEC-81        950                    30         20 RESEARCH       DALLAS                                                                                                                                                                                      
      7902 FORD       ANALYST         7566 03-DEC-81       3000                    20         20 RESEARCH       DALLAS                                                                                                                                                                                      
      7934 MILLER     CLERK           7782 23-JAN-82       1300                    10         20 RESEARCH       DALLAS                                                                                                                                                                                      
      7369 SMITH      CLERK           7902 17-DEC-80        800                    20         30 SALES          CHICAGO                                                                                                                                                                                     
      7499 ALLEN      SALESMAN        7698 20-FEB-81       1600        300         30         30 SALES          CHICAGO                                                                                                                                                                                     
      7521 WARD       SALESMAN        7698 22-FEB-81       1250        500         30         30 SALES          CHICAGO                                                                                                                                                                                     
      7566 JONES      MANAGER         7839 02-APR-81       2975                    20         30 SALES          CHICAGO                                                                                                                                                                                     
      7654 MARTIN     SALESMAN        7698 28-SEP-81       1250       1400         30         30 SALES          CHICAGO                                                                                                                                                                                     
      7698 BLAKE      MANAGER         7839 01-MAY-81       2850                    30         30 SALES          CHICAGO                                                                                                                                                                                     
      7782 CLARK      MANAGER         7839 09-JUN-81       2450                    10         30 SALES          CHICAGO                                                                                                                                                                                     
      7788 SCOTT      ANALYST         7566 19-APR-87       3000                    20         30 SALES          CHICAGO                                                                                                                                                                                     
      7839 KING       PRESIDENT            17-NOV-81       5000                    10         30 SALES          CHICAGO                                                                                                                                                                                     
      7844 TURNER     SALESMAN        7698 08-SEP-81       1500          0         30         30 SALES          CHICAGO                                                                                                                                                                                     
      7876 ADAMS      CLERK           7788 23-MAY-87       1100                    20         30 SALES          CHICAGO                                                                                                                                                                                     
      7900 JAMES      CLERK           7698 03-DEC-81        950                    30         30 SALES          CHICAGO                                                                                                                                                                                     
      7902 FORD       ANALYST         7566 03-DEC-81       3000                    20         30 SALES          CHICAGO                                                                                                                                                                                     
      7934 MILLER     CLERK           7782 23-JAN-82       1300                    10         30 SALES          CHICAGO                                                                                                                                                                                     
      7369 SMITH      CLERK           7902 17-DEC-80        800                    20         40 OPERATIONS     BOSTON                                                                                                                                                                                      
      7499 ALLEN      SALESMAN        7698 20-FEB-81       1600        300         30         40 OPERATIONS     BOSTON                                                                                                                                                                                      
      7521 WARD       SALESMAN        7698 22-FEB-81       1250        500         30         40 OPERATIONS     BOSTON                                                                                                                                                                                      
      7566 JONES      MANAGER         7839 02-APR-81       2975                    20         40 OPERATIONS     BOSTON                                                                                                                                                                                      
      7654 MARTIN     SALESMAN        7698 28-SEP-81       1250       1400         30         40 OPERATIONS     BOSTON                                                                                                                                                                                      
      7698 BLAKE      MANAGER         7839 01-MAY-81       2850                    30         40 OPERATIONS     BOSTON                                                                                                                                                                                      
      7782 CLARK      MANAGER         7839 09-JUN-81       2450                    10         40 OPERATIONS     BOSTON                                                                                                                                                                                      
      7788 SCOTT      ANALYST         7566 19-APR-87       3000                    20         40 OPERATIONS     BOSTON                                                                                                                                                                                      
      7839 KING       PRESIDENT            17-NOV-81       5000                    10         40 OPERATIONS     BOSTON                                                                                                                                                                                      
      7844 TURNER     SALESMAN        7698 08-SEP-81       1500          0         30         40 OPERATIONS     BOSTON                                                                                                                                                                                      
      7876 ADAMS      CLERK           7788 23-MAY-87       1100                    20         40 OPERATIONS     BOSTON                                                                                                                                                                                      
      7900 JAMES      CLERK           7698 03-DEC-81        950                    30         40 OPERATIONS     BOSTON                                                                                                                                                                                      
      7902 FORD       ANALYST         7566 03-DEC-81       3000                    20         40 OPERATIONS     BOSTON                                                                                                                                                                                      
      7934 MILLER     CLERK           7782 23-JAN-82       1300                    10         40 OPERATIONS     BOSTON                                                                                                                                                                                      

56 rows selected.


  1  select *
  2  from emp,dept
  3* where emp.deptno=dept.deptno
SQL> /

     EMPNO ENAME      JOB              MGR HIREDATE         SAL       COMM     DEPTNO     DEPTNO DNAME          LOC                                                                                                                                                                                         
---------- ---------- --------- ---------- --------- ---------- ---------- ---------- ---------- -------------- -------------                                                                                                                                                                               
      7369 SMITH      CLERK           7902 17-DEC-80        800                    20         20 RESEARCH       DALLAS                                                                                                                                                                                      
      7499 ALLEN      SALESMAN        7698 20-FEB-81       1600        300         30         30 SALES          CHICAGO                                                                                                                                                                                     
      7521 WARD       SALESMAN        7698 22-FEB-81       1250        500         30         30 SALES          CHICAGO                                                                                                                                                                                     
      7566 JONES      MANAGER         7839 02-APR-81       2975                    20         20 RESEARCH       DALLAS                                                                                                                                                                                      
      7654 MARTIN     SALESMAN        7698 28-SEP-81       1250       1400         30         30 SALES          CHICAGO                                                                                                                                                                                     
      7698 BLAKE      MANAGER         7839 01-MAY-81       2850                    30         30 SALES          CHICAGO                                                                                                                                                                                     
      7782 CLARK      MANAGER         7839 09-JUN-81       2450                    10         10 ACCOUNTING     NEW YORK                                                                                                                                                                                    
      7788 SCOTT      ANALYST         7566 19-APR-87       3000                    20         20 RESEARCH       DALLAS                                                                                                                                                                                      
      7839 KING       PRESIDENT            17-NOV-81       5000                    10         10 ACCOUNTING     NEW YORK                                                                                                                                                                                    
      7844 TURNER     SALESMAN        7698 08-SEP-81       1500          0         30         30 SALES          CHICAGO                                                                                                                                                                                     
      7876 ADAMS      CLERK           7788 23-MAY-87       1100                    20         20 RESEARCH       DALLAS                                                                                                                                                                                      
      7900 JAMES      CLERK           7698 03-DEC-81        950                    30         30 SALES          CHICAGO                                                                                                                                                                                     
      7902 FORD       ANALYST         7566 03-DEC-81       3000                    20         20 RESEARCH       DALLAS                                                                                                                                                                                      
      7934 MILLER     CLERK           7782 23-JAN-82       1300                    10         10 ACCOUNTING     NEW YORK                                                                                                                                                                                    

14 rows selected.



  1  select ename,emp.deptno,dept.deptno,dname
  2  from emp,dept
  3* where emp.deptno=dept.deptno
SQL> /

ENAME          DEPTNO     DEPTNO DNAME                                                                                                                                                                                                                                                                      
---------- ---------- ---------- --------------                                                                                                                                                                                                                                                             
SMITH              20         20 RESEARCH                                                                                                                                                                                                                                                                   
ALLEN              30         30 SALES                                                                                                                                                                                                                                                                      
WARD               30         30 SALES                                                                                                                                                                                                                                                                      
JONES              20         20 RESEARCH                                                                                                                                                                                                                                                                   
MARTIN             30         30 SALES                                                                                                                                                                                                                                                                      
BLAKE              30         30 SALES                                                                                                                                                                                                                                                                      
CLARK              10         10 ACCOUNTING                                                                                                                                                                                                                                                                 
SCOTT              20         20 RESEARCH                                                                                                                                                                                                                                                                   
KING               10         10 ACCOUNTING                                                                                                                                                                                                                                                                 
TURNER             30         30 SALES                                                                                                                                                                                                                                                                      
ADAMS              20         20 RESEARCH                                                                                                                                                                                                                                                                   
JAMES              30         30 SALES                                                                                                                                                                                                                                                                      
FORD               20         20 RESEARCH                                                                                                                                                                                                                                                                   
MILLER             10         10 ACCOUNTING                                                                                                                                                                                                                                                                 

14 rows selected.

SQL> select ename,dname,dept.deptno,emp.deptno,sal,job,loc
  2  from emp,dept
  3  where sal>2000 AND dept.deptno=20 AND job='MANAGER';

ENAME      DNAME              DEPTNO     DEPTNO        SAL JOB       LOC                                                                                                                                                                                                                                    
---------- -------------- ---------- ---------- ---------- --------- -------------                                                                                                                                                                                                                          
JONES      RESEARCH               20         20       2975 MANAGER   DALLAS                                                                                                                                                                                                                                 
BLAKE      RESEARCH               20         30       2850 MANAGER   DALLAS                                                                                                                                                                                                                                 
CLARK      RESEARCH               20         10       2450 MANAGER   DALLAS                                                                                                                                                                                                                                 


  1  select ename,dname,dept.deptno,emp.deptno,sal,job,loc
  2  from emp,dept
  3* where emp.deptno=dept.deptno AND sal>2000 AND dept.deptno=20 AND job='MANAGER'
SQL> /

ENAME      DNAME              DEPTNO     DEPTNO        SAL JOB       LOC                                                                                                                                                                                                                                    
---------- -------------- ---------- ---------- ---------- --------- -------------                                                                                                                                                                                                                          
JONES      RESEARCH               20         20       2975 MANAGER   DALLAS                                                                                                                                                                                                                                 

SQL> ed
Wrote file afiedt.buf

  1  select ename,dname,dept.deptno,emp.deptno,sal,job,loc
  2  from emp,dept
  3* where sal>2000 AND emp.deptno=20 AND dept.deptno=20  AND job='MANAGER'
SQL> /

ENAME      DNAME              DEPTNO     DEPTNO        SAL JOB       LOC                                                                                                                                                                                                                                    
---------- -------------- ---------- ---------- ---------- --------- -------------                                                                                                                                                                                                                          
JONES      RESEARCH               20         20       2975 MANAGER   DALLAS                                                                                                                                                                                                                                 

SQL> 
SQL> ed
Wrote file afiedt.buf

  1  select ename,dname,dept.deptno,sal,job,loc
  2  from emp,dept
  3* where sal>2000 AND emp.deptno=20 AND dept.deptno=20  AND job='MANAGER'
SQL> /

ENAME      DNAME              DEPTNO        SAL JOB       LOC                                                                                                                                                                                                                                               
---------- -------------- ---------- ---------- --------- -------------                                                                                                                                                                                                                                     
JONES      RESEARCH               20       2975 MANAGER   DALLAS                                                                                                                                                                                                                                            

SQL> spool off
